Tillman;Chastity
Robinson;Benedict
Bradley;Evelyn
Fischer;Leila
Marsh;Hedwig
Hood;Brody
Glenn;Rafael
Keller;Nathan
Mueller;Warren
Banks;Karina
Daniels;Ezekiel
Hart;Deirdre
Hoover;Alika
Mccall;Allistair
Mcleod;Ifeoma
Guerra;Amos
Hahn;Cody
Marquez;Vladimir
Leonard;Oliver
Rocha;Slade
Howard;Bruno
Holloway;Lane
Christian;Casey
Cochran;Alec
Koch;Cassidy
Hardin;Teegan
Henson;Samson
Finley;Roary
Wiley;Kermit
Burris;Malachi
Kane;Colin
Johnson;Ronan
Scott;Driscoll
Coffey;Xyla
Kirk;Martin
Lamb;Upton
Long;Cheyenne
Mendoza;Cassidy
Barton;MacKensie
Doyle;Erin
Emerson;Mari
Mckenzie;Kelly
Sweeney;Lucy
Cook;Candace
Mayer;Simone
Waters;Igor
Miles;Adena
Luna;Keefe
Weiss;Mikayla
Henson;Jessamine
Caldwell;Rafael
Odom;Joan
Weiss;Inga
Potts;Liberty
Noel;Aubrey
Meyers;Hillary
Page;Aiko
Cherry;Hamilton
Atkinson;Fulton
Hinton;TaShya
Barr;Marcia
Mccormick;Ian
Jenkins;Amery
Welch;Anika
Potts;Nehru
Glass;Odysseus
Simon;Bree
Shepherd;Cecilia
Carpenter;Ima
Garcia;Suki
Gilmore;Armando
Mills;Jana
Green;Drake
Mcdaniel;Lucy
Mendoza;Noelani
Navarro;Cassandra
Olson;Bevis
Christian;Aspen
Mccullough;Brandon
Mosley;Audrey
Sexton;Florence
Wooten;Ariana
Kim;Troy
Hardy;Heidi
Patton;Declan
Michael;Mercedes
Cash;Mollie
Contreras;Kadeem
Marquez;Vanna
Tran;Audrey
Gillespie;Lucius
Guzman;Lunea
Livingston;Caleb
Calderon;Ryder
Levy;Kathleen
Patel;Zephr
Rivera;Ethan
Fletcher;Laura
Mcdonald;Callie
Mathis;Colorado